Lane	Project	ClientID	Sample	Category	Sex_Age_Season	Barcode_sequence	PF_Clusters	%of_lane	%_perfect_barcode	%_one_mismatch_barcode	Yield_in_Mbp	%_PF_Cluster	%Q30	Mean_Quality
1	default	S1_LauraGrace	6102461	Healthy/Wild	FAP	AGAGTAGC+AAGGCGTA	4,511,702	1	98.29	1.71	1,363	100	93.82	35.92
1	default	S1_Kaoota	6102462	DFT1	FAA	ACGGAACA+ACGAGAAC	5,202,254	1	97.76	2.24	1,571	100	93.72	35.91
1	default	S1_Sarafina	6102463	DFT1	FAP	ATCCAGAG+TAACGTCG	6,491,488	1	74.07	25.93	1,960	100	93.74	35.92
1	default	S1_Lucy	6102464	DFT1	FAU	AAGCACTG+AGGTCAAC	6,121,785	1	98	2	1,849	100	93.84	35.93
1	default	S1_Turmeric	6102465	Healthy/Wild	FAU	GAAGGAAG+GACGTCAT	6,479,047	1	97.28	2.72	1,957	100	93.85	35.94
1	default	S1_Singapore	6102466	Healthy	FAA	ACAGCTCA+TACTGCTC	4,481,213	1	97.99	2.01	1,353	100	93.95	35.96
1	default	S2_Belinda	6102467	Healthy/Wild	FAU	GCAAGATC+AGTCGAAG	3,296,547	1	97.4	2.6	996	100	94.12	35.98
1	default	S2_B99008	6102468	Captive	FAU	GCTATCCT+AACAGGTG	5,338,890	1	98.08	1.92	1,612	100	93.69	35.91
1	default	S2_Bonney	6102469	Captive	FAU	ACGTTCAG+AGTTGTGC	14,968,459	3	97.82	2.18	4,520	100	93.68	35.91
1	default	S2_Rosie	6102470	Healthy/Wild	FAU	CGCATGAT+AAGCCTGA	4,556,781	1	95.7	4.3	1,376	100	93.94	35.94
1	default	S2_Hope	6102471	DFT1	FAU	AGCACTTC+ACGTCCAA	1,971,776	0	97.96	2.04	595	100	93.62	35.88
1	default	S2_Sally	6102472	DFT1	FAU	CGTTGCAA+ATAGAGCG	2,429,449	1	97.42	2.58	734	100	93.78	35.93
1	default	S3_Apu	6102473	DFT1	MAA	CCTTGATC+GATGGAGT	4,939,580	1	96.94	3.06	1,492	100	93.71	35.91
1	default	S3_Simone	6102474	DFT1	FAW	CGGTTGTT+GTGGTATG	4,015,027	1	95.91	4.09	1,213	100	93.42	35.86
1	default	S3_ST62	6102475	Healthy/Wild	FAW	TGAGCTAG+GAACGGTT	4,579,681	1	96.67	3.33	1,383	100	93.75	35.92
1	default	S3_Jessie	6102476	Captive	FAW	CCGTAAGA+AGAGTCCA	4,340,498	1	97.95	2.05	1,311	100	93.54	35.88
1	default	S3_McCauley	6102477	Captive	MAA	CAACACCT+AGCTACCA	16,944,152	3	97.98	2.02	5,117	100	93.05	35.78
1	default	S4_Kerchak	6102478	Healthy	MAA	CGGCTAAT+CTCGTTCT	6,886,511	1	97.8	2.2	2,080	100	93.61	35.89
1	default	S4_Duffman	6102479	Healthy	MAA	GACGATCT+TCGTGCAT	8,301,336	2	97.75	2.25	2,507	100	93.83	35.93
1	default	S4_Wiggum	6102480	DFT1	MAA	GTGAAGTG+GAGCAATC	4,201,355	1	97.17	2.83	1,269	100	93.64	35.9
1	default	S4_Hogan	6102481	Healthy	MAA	TACGCCTT+GCTACTCT	2,990,345	1	97.77	2.23	903	100	93.71	35.9
1	default	S4_Pooh	6102482	DFT1	MAA	CTTCGACT+GATCTTGC	3,821,151	1	97.31	2.69	1,154	100	93.6	35.89
1	default	S4_Milhouse	6102483	DFT1	MAA	AACCGTTC+CTAGCTCA	10,492,900	2	98.13	1.87	3,169	100	93.8	35.92
1	default	S5_Fenton	6102484	Captive	MAU	GATTACCG+TTGGACTG	5,125,566	1	96.21	3.79	1,548	100	93.89	35.94
1	default	S5_Bryan Adams	6102485	Captive	MAW	CACTAGCT+TCGGATTC	5,317,767	1	97.33	2.67	1,606	100	93.24	35.83
1	default	S5_Silky	6102486	Healthy/Wild	MAW	CTGTTGAC+ACCTCAGT	5,617,260	1	97.81	2.19	1,696	100	93.55	35.88
1	default	S5_Longley	6102487	Healthy/Wild	MAU	CGCAATCT+ACAGGCAT	2,937,660	1	97.71	2.29	887	100	93.75	35.91
1	default	S5_Allen	6102488	DFT1	MAU	TTGCAGAC+ATCGTGGT	5,288,435	1	96.85	3.15	1,597	100	93.42	35.86
1	default	S5_Cyan	6102489	DFT1	MAW	GTAGGAGT+GTCCTAAG	4,138,600	1	98.03	1.97	1,250	100	93.67	35.9
1	default	S6_Myanmar	6102490	Healthy	FAP	GCACAACT+CTGAACGT	9,604,175	2	98.14	1.86	2,900	100	93.93	35.94
1	default	S6_Pakana	6102491	Healthy	MSP	GTTACGCA+ATGGCGAT	4,383,521	1	98.09	1.91	1,324	100	93.9	35.95
1	default	S6_Shelob	6102492	DFT2	FAP	GTCATCGA+GATCCACT	3,184,798	1	98.21	1.79	962	100	93.9	35.94
1	default	S6_Stuttgart	6102493	DFT1	MSP	AGCGTGTT+CTTCGCAA	3,056,475	1	97.5	2.5	923	100	93.95	35.95
1	default	S6_Ben	6102494	Wild	MAU	AGAACGAG+ATTAGCCG	3,120,448	1	95.32	4.68	942	100	94.24	36.01
1	default	S6_Hobbit	6102495	Healthy	MSP	ATATGCGC+ACGATCAG	7,342,414	2	97	3	2,217	100	93.93	35.96
1	default	S7_Fredo	6102496	Captive	MAA	AGTGGATC+TCGATGAC	2,690,632	1	97.77	2.23	813	100	93.77	35.93
1	default	S7_Piglet	6102497	Captive	FSU	ATCACACG+GTAGCGTA	12,134,750	2	96.94	3.06	3,665	100	93.34	35.84
1	default	S7_Violet	6102498	DFT2	FSU	CTTGTCGA+CGATGTTC	2,768,682	1	98.19	1.81	836	100	93.85	35.93
1	default	S7_Lieke	6102499	Healthy/Wild	FSU	TTCCAAGG+CTACAAGG	1,800,468	0	97.79	2.21	544	100	93.58	35.88
1	default	S7_Willie	6102500	DFT2	MAA	TGGACTCT+TCTTACGG	4,539,036	1	98.3	1.7	1,371	100	93.84	35.93
1	default	S7_Smithers	6102501	Healthy/Wild	MAA	GCGTCATT+CAGACGTT	6,731,177	1	98.04	1.96	2,033	100	93.62	35.89
1	default	S8_Orange	6102502	DFT1	FAU	GTTGACCT+CAGTGCTT	5,072,309	1	97.92	2.08	1,532	100	93.36	35.84
1	default	S8_Vinnie	6102503	Healthy/Wild	MAU	CGACGTTA+CTCTGGAT	7,901,958	2	98.02	1.98	2,386	100	94.09	35.98
1	default	S8_Struggles	6102504	Healthy/Wild	MAW	ATCGATCG+TGGAAGCA	5,257,820	1	95.13	4.87	1,588	100	93.81	35.93
1	default	S8_ST67	6102505	DFT2	MAW	TTGGACGT+GAAGTGCT	5,476,735	1	95.44	4.56	1,654	100	93.21	35.82
1	default	S8_SusieQ	6102506	Healthy/Wild	FAU	CAGTCCAA+CGGTAATC	454,240	0	97.95	2.05	137	100	92.97	35.76
1	default	S8_Yellow	6102507	DFT2	MAU	GAAGTTGG+CGAACAAC	6,469,324	1	97.99	2.01	1,954	100	94	35.97
1	default	S9_Jane	6102508	DFT1	FAA	GTTCTCGT+TGTTCCGT	12,489,105	3	97.92	2.08	3,772	100	93.54	35.88
1	default	S9_Majula	6102509	Healthy	FAA	ACTCTCGA+CTGTACCA	8,490,270	2	97.99	2.01	2,564	100	93.34	35.84
1	default	S9_Snoopy	6102510	Healthy/Wild	MSW	AACTGAGC+CAATCAGG	1,709,078	0	98.04	1.96	516	100	93.06	35.78
1	default	S9_Clytemnestra	6102511	DFT1	FSP	CATGGCTA+CACACATC	6,141,790	1	98	2	1,855	100	93.42	35.85
1	default	S9_Zeus	6102512	DFT2	MSW	CGTGTGTA+CCAACGAA	699,953	0	97.64	2.36	211	100	93.33	35.84
1	default	S9_Sarabi	6102513	Healthy/Wild	FSP	CTTAGGAC+ACTCCTAC	3,945,235	1	98.11	1.89	1,191	100	93.55	35.88
1	default	S10_McMahon	6102514	Captive	MSP	AACGTCTG+AATGACGC	3,809,607	1	96.73	3.27	1,151	100	93.07	35.79
1	default	S10_Logan	6102515	Captive	MAU	GTGCCATA+CTCCTAGT	9,606,720	2	97.52	2.48	2,901	100	93.25	35.83
1	default	S10_Laurasia	6102516	DFT2	MSP	TACGCTAC+CGTGTGAT	9,716,148	2	97.81	2.19	2,934	100	93.97	35.95
1	default	S10_Enchilada	6102517	DFT2	MAP	GATTGCTC+CACTTCAC	11,967,844	2	97.82	2.18	3,614	100	93.88	35.94
1	default	S11_Baloo	6102518	Healthy/Wild	MAA	CTGATCGT+GCGCATAT	10,923,019	2	98.07	1.93	3,299	100	93.51	35.87
1	default	S11_Murdoch/Washington	6102519	DFT2	MAA	ACTGAGGT+GTCAACAG	2,003,509	0	97.82	2.18	605	100	93.39	35.85
1	default	S11_Xuki	6102520	Captive	MAA	ATCGCCAT+TGCGTAAC	6,018,884	1	97.88	2.12	1,818	100	93.58	35.89
1	default	S11_Kalamata	6102521	Captive	MSW	GAACATCG+TCGACAAG	6,861,544	1	97.76	2.24	2,072	100	93.49	35.87
1	default	S11_Freiburg	6102522	DFT2	MSW	GAATCCGA+AGCTAGTG	5,358,578	1	97.95	2.05	1,618	100	94.04	35.96
1	default	S11_DanRhodes	6102523	Healthy/Wild	MSW	TCGCTGTT+CAAGTCGT	5,076,673	1	97.41	2.59	1,533	100	93.77	35.92
1	default	S12_Abe	6102524	DFT1	MAA	GTTGTTCG+CCAACTTC	6,446,467	1	97.6	2.4	1,947	100	93.65	35.9
1	default	S12_Robin	6102525	Healthy/Wild	MAA	ATGACGTC+CTTCCTTC	6,756,342	1	97.12	2.88	2,040	100	92.53	35.68
1	default	S12_Lilac	6102526	DFT1	MAW	TATCGGTC+TACCGGAT	4,490,241	1	98.15	1.85	1,356	100	93.42	35.85
1	default	S12_Eeyore	6102527	Healthy/Wild	MAW	TCAGGCTT+ATCATGCG	3,071,283	1	97.28	2.72	928	100	92.94	35.76
1	default	S12_Wally	6102528	Captive	MAA	ACGACTTG+AACAGCGA	3,000,501	1	97.96	2.04	906	100	93.7	35.91
1	default	S12_Naz	6102529	Captive	MAW	CCTTGTAG+CCTTGGAA	5,927,942	1	97.4	2.6	1,790	100	93.86	35.94
1	default	S13_Humbug	6102530	Captive	MAU	GAGCAGTA+TGAGCTGT	1,702,608	0	98.07	1.93	514	100	93.58	35.89
1	default	S13_Green	6102531	DFT1	MAA	GTCGAAGA+CCACATTG	2,623,695	1	97.38	2.62	792	100	92.94	35.76
1	default	S13_Bump	6102532	DFT1	MAU	AGTTCGTC+ACTCGATC	9,435,053	2	98.16	1.84	2,849	100	93.64	35.89
1	default	S13_Pangea	6102533	Healthy/Wild	MAU	ACCACGAT+GTCTGCAA	1,732,316	0	97.57	2.43	523	100	93.82	35.92
1	default	S13_Finbar	6102534	Healthy/Wild	MAA	GAGACGAT+ACCGGTTA	1,152	0	96.7	3.3	0	100	92.06	35.56
1	default	S13_Xerxes	6102535	Captive	MAA	GATAGGCT+CAGTCACA	7,628,257	2	98.34	1.66	2,304	100	93.62	35.89
1	default	S14_Purple	6102536	DFT1	FAW	CGCTCTAT+TTGCAACG	5,432,182	1	97.81	2.19	1,641	100	93.93	35.95
1	default	S14_Simba	6102537	Ignore-Healthy (sus)	MAA	ATGCCTGT+AGATTGCG	11,175,146	2	97.91	2.09	3,375	100	93.71	35.9
1	default	S14_Catani	6102538	Captive	FAU	TGAAGACG+ACATGCCA	13,381,058	3	96.98	3.02	4,041	100	93.36	35.84
1	default	Undetermined	Undetermined			unknown	43,931,975	9	100	NaN	13,267	22.77	85.78	34.28
2	default	S15_Halls	Wild	FAU	6102539	ATGACGTC+CTTCCTTC	1,308,213	0.28	97.48	2.52	395	100	93.03	35.79
2	default	S15_Jessica	Wild	FAP	6102540	CATGGCTA+CACACATC	1,840,822	0.4	97.83	2.17	556	100	92.66	35.71
2	default	S15_Amelia	Captive	FAU	6102541	AACGTCTG+AATGACGC	8,041,818	1.73	96.32	3.68	2,429	100	92.18	35.63
2	default	S15_London	Captive	FAU	6102542	GTCATCGA+GATCCACT	5,758,111	1.24	96.72	3.28	1,739	100	91.87	35.55
2	default	S15_Elyse	Captive	FAP	6102543	AGCGTGTT+CTTCGCAA	5,774,637	1.24	96.76	3.24	1,744	100	91.56	35.5
2	default	S15_Munchkin	Wild	FAU	6102544	AGAGTAGC+AAGGCGTA	7,216,024	1.56	97.99	2.01	2,179	100	93.47	35.87
2	default	S16_Pelverata	Wild	FAU	6102545	CGCTCTAT+TTGCAACG	2,918,728	0.63	97.6	2.4	881	100	93.65	35.91
2	default	S16_Lizzie	Wild	FAU	6102546	AGTTCGTC+ACTCGATC	10,758,280	2.32	97.92	2.08	3,249	100	93.2	35.82
2	default	S16_Marley	Captive	FAU	6102547	GCAAGATC+AGTCGAAG	348,621	0.08	97.24	2.76	105	100	92.77	35.73
2	default	S16_Milla	Captive	FAU	6102548	TTGCGAAG+AACACGCT	6,376,997	1.37	97.6	2.4	1,926	100	92.44	35.67
2	default	S16_Maleficent	Captive	FAU	6102549	TGCTTCCA+CGATCGAT	9,181,668	1.98	98.08	1.92	2,773	100	93.04	35.79
2	default	S16_Lebanon	Wild	FAU	6102550	ATCCAGAG+TAACGTCG	7,154,214	1.54	73.27	26.73	2,161	100	92.95	35.78
2	default	S17_Radiata	Wild	FSU	6102551	AACTGAGC+CAATCAGG	7,329,322	1.58	97.89	2.11	2,213	100	92.63	35.71
2	default	S17_Shenzi	Wild	FAU	6102552	GTCGAAGA+CCACATTG	5,503,188	1.19	97.18	2.82	1,662	100	92.53	35.69
2	default	S17_Anirak	Captive	FSW	6102553	TGAGCTAG+GAACGGTT	3,740,878	0.81	97.15	2.85	1,130	100	93.03	35.79
2	default	S17_Poly	Captive	FSU	6102554	CTTAGGAC+ACTCCTAC	11,133,566	2.4	97.85	2.15	3,362	100	92.47	35.68
2	default	S17_Vernicosa	Wild	FSW	6102555	CAATGTGG+TCTTCGAC	4,353,832	0.94	97.73	2.27	1,315	100	93.72	35.92
2	default	S17_Methyl	Captive	FSU	6102556	TGGTACAG+TCGAGAGT	7,887,375	1.7	97.57	2.43	2,382	100	93.15	35.81
2	default	S18_Paprika	Wild	FSW	6102557	CGGTTGTT+GTGGTATG	11,961,885	2.58	95.85	4.15	3,612	100	92.97	35.78
2	default	S18_Zara	Captive	FSW	6102558	ACCACGAT+GTCTGCAA	7,308,907	1.58	97.7	2.3	2,207	100	92.84	35.75
2	default	S18_Maze	Captive	FSW	6102559	ACTGAGGT+GTCAACAG	2,984,930	0.64	97.59	2.41	901	100	92.49	35.69
2	default	S18_Delores	Captive	FSW	6102560	ACGACTTG+AACAGCGA	98	0	94.9	5.1	0	100	89.11	34.91
2	default	S18_Haiko	Wild	FSW	6102561	GATCGAGT+GACGAACT	6,506,408	1.4	97.63	2.37	1,965	100	93.11	35.79
2	default	S18_Hermione	Wild	FSW	6102562	CCTGATTG+GCTCAGTT	11,494,825	2.48	97.55	2.45	3,471	100	93.66	35.92
2	default	S19_Tammy	Wild	FSW	6102563	ATCGATCG+TGGAAGCA	6,018,258	1.3	92.4	7.6	1,818	100	93.2	35.82
2	default	S19_Morocco	Captive	MAU	6102564	TCAGGCTT+ATCATGCG	4,879,629	1.05	97.38	2.62	1,474	100	92.63	35.71
2	default	S19_Pecorino	Captive	FSW	6102565	ATGCCTGT+AGATTGCG	4,857,395	1.05	97.58	2.42	1,467	100	92.64	35.72
2	default	S19_Hooch	Captive	MSA	6102566	CCGTAAGA+AGAGTCCA	1,074,345	0.23	97.56	2.44	324	100	92.66	35.72
2	default	S19_Darwin	Wild	MAU	6102567	CACCTGTT+AGGATAGC	0	0			0			
2	default	S19_Tantor	Wild	MSA	6102568	TGGACTCT+TCTTACGG	14,104,602	3.04	98.15	1.85	4,260	100	93.26	35.83
2	default	S20_Muasy	Captive	MSU	6102569	TTCCAAGG+CTACAAGG	10,669,237	2.3	97.64	2.36	3,222	100	92.79	35.74
2	default	S20_Fuse	Captive	MSU	6102570	GTAGGAGT+GTCCTAAG	10,603,179	2.29	97.34	2.66	3,202	100	92.01	35.58
2	default	S20_Joseph	Captive	MSU	6102571	CTTCGACT+GATCTTGC	5,642,025	1.22	96.37	3.63	1,704	100	91.87	35.56
2	default	S20_Hudson	Wild	MSU	6102572	AAGCACTG+AGGTCAAC	4,225,812	0.91	97.88	2.12	1,276	100	93.16	35.81
2	default	S20_Mace	Wild	MSU	6102573	CGTTGCAA+ATAGAGCG	6,385,393	1.38	95.82	4.18	1,928	100	92.04	35.61
2	default	S20_Mint	Wild	MSU	6102574	GAAGGAAG+GACGTCAT	5,390,453	1.16	97.29	2.71	1,628	100	93.28	35.84
2	default	S21_Sylvester	Wild	MAW	6102575	GTTGACCT+CAGTGCTT	5,450,970	1.18	97.62	2.38	1,646	100	93.04	35.79
2	default	S21_Moama	Captive	MAW	6102576	TTGGACGT+GAAGTGCT	10,821,895	2.33	96.02	3.98	3,268	100	92.72	35.73
2	default	S21_Nauset	Captive	MSW	6102577	TATCGGTC+TACCGGAT	8,693,920	1.87	98.13	1.87	2,626	100	92.32	35.65
2	default	S21_Graham	Captive	MSW	6102578	TACGCCTT+GCTACTCT	3,422,010	0.74	97.72	2.28	1,033	100	92.94	35.76
2	default	S21_Harry	Wild	MSW	6102579	TTCGTTGG+TACACACG	10,720,172	2.31	97.18	2.82	3,237	100	92.73	35.72
2	default	S21_Thor	Wild	MSW	6102580	GATGTGTG+TAGCCATG	6,051,140	1.3	97.63	2.37	1,827	100	93.21	35.83
2	default	S22_Yanni	Captive	MSW	6102581	CGTGTGTA+CCAACGAA	4,811,453	1.04	97.67	2.33	1,453	100	92.3	35.65
2	default	S22_Gherkin	Captive	MSW	6102582	CCTTGTAG+CCTTGGAA	5,913,586	1.27	97.05	2.95	1,786	100	92.92	35.77
2	default	S22_Utah	Wild	MSW	6102583	ACTAGGAG+TATGGCAC	7,229,403	1.56	94.1	5.9	2,183	100	93.1	35.8
2	default	S22_Stilton	Captive	MSW	6102584	CGCAATCT+ACAGGCAT	8,306,537	1.79	96.94	3.06	2,509	100	91.86	35.55
2	default	S22_Wellington	Wild	MSW	6102585	ACGGAACA+ACGAGAAC	7,783,546	1.68	97.13	2.87	2,351	100	92.96	35.78
2	default	S22_Ginger	Healthy/Wild	MSW	6102586	ACAGCTCA+TACTGCTC	9,742,792	2.1	97.63	2.37	2,942	100	93	35.78
2	default	S23_Meliza	Ignore-Wild	FSW	6102587	ACTCTCGA+CTGTACCA	6,770,476	1.46	97.75	2.25	2,045	100	93.04	35.79
2	default	S23_Osiris	Captive	MSW	6102588	AGTGGATC+TCGATGAC	3,528,471	0.76	97.24	2.76	1,066	100	93.08	35.79
2	default	S23_X-boxx	Captive	FSW	6102589	CTGTTGAC+ACCTCAGT	23	0	100	NaN	0	100	95.85	36.37
2	default	S23_Quince	Captive	MSW	6102590	AACCGTTC+CTAGCTCA	7,247,793	1.56	97.63	2.37	2,189	100	92.28	35.63
2	default	S23_Saffron	Wild	MSW	6102591	GAAGTTGG+CGAACAAC	7,212,495	1.55	97.63	2.37	2,178	100	93.09	35.8
2	default	S23_Gandalf	Wild	MSW	6102592	GATTGCTC+CACTTCAC	4,756,766	1.03	97.26	2.74	1,437	100	93.49	35.88
2	default	S24_Boy	Healthy/Wild	MAAH	6102593	CGACGTTA+CTCTGGAT	1,476,427	0.32	97.63	2.37	446	100	93.25	35.82
2	default	S24_ST74	Wild	MAW	6102594	TGGTAGCT+AGGTGTTG	2,413,884	0.52	96.34	3.66	729	100	92.34	35.64
2	default	S24_Malfoy	Captive	MAW	6102595	TAACCGGT+ATCGTCTC	6,908,416	1.49	97.09	2.91	2,086	100	91.9	35.56
2	default	S24_Licorice	Captive	FSA	6102596	TTGCAGAC+ATCGTGGT	4,475,461	0.96	95.05	4.95	1,352	100	91.42	35.46
2	default	S24_Lisa	Wild	FSA	6102597	CGCATGAT+AAGCCTGA	17,006,305	3.67	96.93	3.07	5,136	100	92.91	35.77
2	default	S24_Shazza	Healthy	FAW	6102598	GAGCAGTA+TGAGCTGT	2,693,655	0.58	97.51	2.49	813	100	93.01	35.79
2	default	S25_Tofu	Captive	FAU	6102599	GAGACGAT+ACCGGTTA	12,024,421	2.59	95.37	4.63	3,631	100	93.06	35.79
2	default	S25_Colette	Captive	FAP	6102600	CTTGTCGA+CGATGTTC	10,751,797	2.32	97.49	2.51	3,247	100	92.77	35.74
2	default	S25_CannonBall	Captive	MSW	6102601	TACGCTAC+CGTGTGAT	13,015,081	2.81	97.36	2.64	3,931	100	92.61	35.7
2	default	S25_Cornelius	Captive	MAU	6102602	GAATCCGA+AGCTAGTG	3,336,983	0.72	97.1	2.9	1,008	100	93.09	35.79
2	default	S25_Mardook	Captive	MAW	6102603	GCACAACT+CTGAACGT	6,826,313	1.47	97.66	2.34	2,062	100	92.67	35.71
2	default	S25_Negroni	Captive	FSP	6102604	TGTGACTG+AGCCTATC	4,566,180	0.98	97.68	2.32	1,379	100	92.13	35.61
2	default				Undetermined	unknown	39,193,186	8.45	100	NaN	11,836	18.35	82.75	33.66
